{
  "variant": "AuroraAirPollution",
  "hyperparameters": {
    "learning_rate": 0.0002924999886114362,
    "patch_size": 6,
    "embed_dim": 688,
    "num_heads": 10,
    "encoder_depths": [
      4,
      4,
      12,
      8
    ],
    "decoder_depths": [
      2,
      2,
      6,
      2
    ],
    "separate_perceiver": true,
    "log_space_loss": false,
    "window_size": 8,
    "drop_path_rate": 0.23508562154663634,
    "batch_size": 5
  },
  "metrics": {
    "accuracy": 0.8122144272730532,
    "precision": 0.7716037059094004,
    "recall": 0.7472372730912089,
    "f1_score": 0.7592250368306399,
    "training_time": 1375.0797002349339,
    "memory_gb": 28.77337484374139
  },
  "created": "2025-11-17T21:35:11.856730"
}